Name,TotalTime,TotalTargetsFound,TimePerTarget
jan,33.54638385772705,1,33.54638385772705
jan,43.55076503753662,1,43.55076503753662
jan,51.656777143478394,1,51.656777143478394
jan,27.22625494003296,3,9.07541831334432
jan,136.50081062316895,7,19.50011580330985
ha,30.9615159034729,9,3.440168433719211
AlexanderTheGreat,115.1960666179657,11,10.472369692542337
janny,57.55512285232544,9,6.395013650258382
