Name,TotalTime,TotalTargetsFound,TimePerTarget
k6,55.7294545173645,8,6.966181814670563
kant,109.51818680763245,9,12.168687423070272
stefan,102.66593813896179,10,10.26659381389618
stefaninvisble,85.41559100151062,11,7.765053727410057
