Name,TotalTime,TotalTargetsFound,TimePerTarget
jan,26.48259401321411,2,13.241297006607056
jan,21.09053611755371,0,inf
low,16.95481538772583,0,inf
hello,34.06138730049133,0,inf
hi,46.44813871383667,0,inf
jan,63.1236629486084,0,inf
jan,35.48802638053894,1,35.48802638053894
jan,62.16079759597778,0,inf
jan,71.04760885238647,0,inf
jan,37.61072540283203,0,inf
jan,40.984965324401855,0,inf
jabakbffpiobwauhkla ebjklfebklWFABJKLwbdak.,21.446069955825806,1,21.446069955825806
